"Text#","Type","Issued","Title","Language","Authors","Subjects","LoCC","Bookshelves"
"11","Text","2008-06-27","Alice's Adventures in Wonderland","en","Carroll, Lewis, 1832-1898","Fantasy fiction; Children's stories; Imaginary places -- Juvenile fiction; Alice (Fictitious character from Carroll) -- Juvenile fiction","PR; PZ","Children's Literature; Category: Children & Young Adult Reading; Category: Novels; Category: Classics of Literature; Category: British Literature"
"21","Text","2008-06-25","Three hundred Aesop’s fables
Translated by George Fyler Townsend","en","Aesop, 621? BCE-565? BCE; Townsend, George Fyler, 1814-1900 [Translator]","Fables, Greek -- Translations into English; Aesop's fables -- Translations into English","PA; PZ","Category: Mythology, Legends & Folklore; Category: Classics of Literature"
"23","Text","2006-01-12","Narrative of the Life of Frederick Douglass, an American Slave","en","Douglass, Frederick, 1818-1895","Douglass, Frederick, 1818-1895; African American abolitionists -- Biography; Abolitionists -- United States -- Biography; Enslaved persons -- United States -- Biography","E300","Slavery; African American Writers; Category: Biographies; Category: History - American"
"35","Text","2004-10-02","The Time Machine","en","Wells, H. G. (Herbert George), 1866-1946","Science fiction; Time travel -- Fiction; Dystopias -- Fiction","PR","Science Fiction; Movie Books; Category: Science-Fiction & Fantasy; Category: Novels; Category: British Literature"
"59","Text","1993-03-01","Discourse on the Method of Rightly Conducting One's Reason and of Seeking Truth in the Sciences","en","Descartes, René, 1596-1650; Veitch, John, 1829-1894 [Translator]","Science -- Methodology; Methodology","B","Harvard Classics; Philosophy; Category: History - Early Modern (c. 1450-1750); Category: Philosophy & Ethics"
"76","Text","2004-06-29","Adventures of Huckleberry Finn","en","Twain, Mark, 1835-1910; Kemble, E. W. (Edward Windsor), 1861-1933 [Illustrator]","Humorous stories; Bildungsromans; Boys -- Fiction; Male friendship -- Fiction; Adventure stories; Missouri -- Fiction; Race relations -- Fiction; Runaway children -- Fiction; Finn, Huckleberry (Fictitious character) -- Fiction; Fugitive slaves -- Fiction; Mississippi River -- Fiction","PS","Best Books Ever Listings; Banned Books from Anne Haight's list; Banned Books List from the American Library Association; Category: Adventure; Category: Novels; Category: Classics of Literature; Category: American Literature"
"84","Text","1993-10-01","Frankenstein; or, the modern prometheus","en","Shelley, Mary Wollstonecraft, 1797-1851","Science fiction; Horror tales; Gothic fiction; Scientists -- Fiction; Monsters -- Fiction; Frankenstein, Victor (Fictitious character) -- Fiction; Frankenstein's monster (Fictitious character) -- Fiction","PR","Precursors of Science Fiction; Gothic Fiction; Movie Books; Science Fiction by Women; Category: Science-Fiction & Fantasy; Category: Novels; Category: Classics of Literature; Category: British Literature"
"97","Text","1994-01-01","Flatland: A Romance of Many Dimensions","en","Abbott, Edwin Abbott, 1838-1926","Fourth dimension","QA","Mathematics; Science Fiction; Category: Science-Fiction & Fantasy; Category: Novels; Category: British Literature"
"98","Text","1994-01-01","A Tale of Two Cities","en","Dickens, Charles, 1812-1870","Historical fiction; France -- History -- Revolution, 1789-1799 -- Fiction; London (England) -- History -- 18th century -- Fiction; War stories; Executions and executioners -- Fiction; French -- England -- London -- Fiction; Lookalikes -- Fiction; British -- France -- Paris -- Fiction; Paris (France) -- History -- 1789-1799 -- Fiction","PR","Historical Fiction; Category: Historical Novels; Category: Classics of Literature; Category: British Literature"
"120","Text","2006-02-26","Treasure Island","en","Stevenson, Robert Louis, 1850-1894; Rhead, Louis, 1857-1926 [Illustrator]","Sea stories; Pirates -- Fiction; Treasure troves -- Fiction; Treasure Island (Imaginary place) -- Fiction","PR; PZ","Children's Literature; Historical Fiction; Best Books Ever Listings; Pirates, Buccaneers, Corsairs, etc.; Category: Adventure; Category: Novels; Category: Classics of Literature; Category: British Literature"
"132","Text","1994-05-01","The Art of War","en","Sunzi, active 6th century B.C.; Giles, Lionel, 1875-1958 [Translator]","Military art and science -- Early works to 1800; War -- Early works to 1800","U","Category: History - Ancient; Category: History - Warfare"
"135","Text","2008-06-22","Les Misérables","en","Hugo, Victor, 1802-1885; Hapgood, Isabel Florence, 1850-1928 [Translator]","Historical fiction; Orphans -- Fiction; Paris (France) -- Fiction; Epic literature; Ex-convicts -- Fiction","PQ","Historical Fiction; Banned Books from Anne Haight's list; Category: Historical Novels; Category: Novels; Category: Classics of Literature; Category: French Literature"
"145","Text","1994-07-01","Middlemarch","en","Eliot, George, 1819-1880","Didactic fiction; City and town life -- Fiction; England -- Fiction; Young women -- Fiction; Love stories; Domestic fiction; Married people -- Fiction; Bildungsromans","PR","Historical Fiction; Best Books Ever Listings; Category: Novels; Category: Classics of Literature; Category: British Literature"
"174","Text","1994-10-01","The Picture of Dorian Gray","en","Wilde, Oscar, 1854-1900","Didactic fiction; Supernatural -- Fiction; Conduct of life -- Fiction; Portraits -- Fiction; Great Britain -- History -- Victoria, 1837-1901 -- Fiction; London (England) -- History -- 1800-1950 -- Fiction; Appearance (Philosophy) -- Fiction; Paranormal fiction","PR","Gothic Fiction; Movie Books; Category: Novels; Category: Classics of Literature; Category: British Literature"
"205","Text","1995-01-01","Walden, and On The Duty Of Civil Disobedience","en","Thoreau, Henry David, 1817-1862","Civil disobedience; Authors, American -- 19th century -- Biography; Thoreau, Henry David, 1817-1862 -- Homes and haunts -- Massachusetts -- Walden Woods; Wilderness areas -- Massachusetts -- Walden Woods; Natural history -- Massachusetts -- Walden Woods; Solitude; Government, Resistance to; Walden Woods (Mass.) -- Social life and customs","PS","Category: Essays, Letters & Speeches; Category: American Literature; Category: Philosophy & Ethics"
"216","Text","1995-02-01","The Tao Teh King, or the Tao and its Characteristics","en","Laozi; Legge, James, 1815-1897 [Translator]","Philosophy, Chinese; Taoism -- Sacred books","BL","Paganism; Category: Poetry; Category: Philosophy & Ethics; Category: Religion/Spirituality"
"320","Text","1995-09-01","Vida De Lazarillo De Tormes Y De Sus Fortunas Y Adversidades","es","Anonymous","Spanish fiction; Spain -- Social conditions -- 16th century -- Fiction; Picaresque literature, Spanish","PQ","6 Best Loved Spanish Literary Classics; Category: Novels; Category: Classics of Literature"
"345","Text","1995-10-01","Dracula","en","Stoker, Bram, 1847-1912","Horror tales; Epistolary fiction; Gothic fiction; Vampires -- Fiction; Dracula, Count (Fictitious character) -- Fiction; Transylvania (Romania) -- Fiction; Whitby (England) -- Fiction","PR","Horror; Gothic Fiction; Mystery Fiction; Movie Books; Category: Science-Fiction & Fantasy; Category: Crime, Thrillers and Mystery; Category: Novels; Category: Classics of Literature; Category: British Literature"
"408","Text","1996-01-01","The Souls of Black Folk","en","Du Bois, W. E. B. (William Edward Burghardt), 1868-1963","African Americans","E151","African American Writers; Category: Essays, Letters & Speeches; Category: History - American; Category: Sociology; Category: Politics"
"1000","Text","1997-08-01","La Divina Commedia di Dante: Complete","it","Dante Alighieri, 1265-1321","Italian poetry -- To 1400; Epic poetry, Italian","PQ","Banned Books from Anne Haight's list; IT Poesia; Category: Poetry; Category: Classics of Literature"
"1080","Text","1997-10-01","A Modest Proposal
For preventing the children of poor people in Ireland, from being a burden on their parents or country, and for making them beneficial to the publick","en","Swift, Jonathan, 1667-1745","Political satire, English; Religious satire, English; Ireland -- Politics and government -- 18th century -- Humor","PR","Category: Essays, Letters & Speeches; Category: Classics of Literature; Category: British Literature"
"1228","Text","1998-03-01","On the Origin of Species By Means of Natural Selection
Or, the Preservation of Favoured Races in the Struggle for Life","en","Darwin, Charles, 1809-1882","Evolution (Biology); Natural selection","QH","Harvard Classics; Biology; Banned Books from Anne Haight's list; Category: Science - Biology"
"1256","Text","1998-03-01","Cyrano de Bergerac","fr","Rostand, Edmond, 1868-1918","Cyrano de Bergerac, 1619-1655 -- Drama; Authors, French -- 17th century -- Drama; France -- History -- 17th century -- Drama","PQ","FR Théâtre; Category: Plays/Films/Dramas; Category: French Literature"
"1260","Text","1998-03-01","Jane Eyre: An Autobiography","en","Brontë, Charlotte, 1816-1855; Townsend, F. H. (Frederick Henry), 1868-1920 [Illustrator]","Orphans -- Fiction; England -- Fiction; Young women -- Fiction; Love stories; Governesses -- Fiction; Fathers and daughters -- Fiction; Mentally ill women -- Fiction; Charity-schools -- Fiction; Married people -- Fiction; Country homes -- Fiction; Bildungsromans","PR","Category: Romance; Category: Novels; Category: Classics of Literature; Category: British Literature"
"1342","Text","1998-06-01","Pride and Prejudice","en","Austen, Jane, 1775-1817","England -- Fiction; Young women -- Fiction; Love stories; Sisters -- Fiction; Domestic fiction; Courtship -- Fiction; Social classes -- Fiction","PR","Best Books Ever Listings; Harvard Classics; Category: Romance; Category: Novels; Category: Classics of Literature; Category: British Literature"
"1400","Text","1998-07-01","Great Expectations","en","Dickens, Charles, 1812-1870","Orphans -- Fiction; England -- Fiction; Revenge -- Fiction; Bildungsromans; Young men -- Fiction; Man-woman relationships -- Fiction; Ex-convicts -- Fiction; Benefactors -- Fiction","PR","Best Books Ever Listings; Category: Novels; Category: Classics of Literature; Category: British Literature"
"1497","Text","1998-10-01","The Republic","en","Plato, 428? BCE-348? BCE; Jowett, Benjamin, 1817-1893 [Translator]","Classical literature; Political science -- Early works to 1800; Utopias -- Early works to 1800; Justice -- Early works to 1800","JC; PA","Philosophy; Category: Classics of Literature; Category: Philosophy & Ethics"
"1524","Text","1998-11-01","Hamlet","en","Shakespeare, William, 1564-1616","Tragedies (Drama); Hamlet (Legendary character) -- Drama; Kings and rulers -- Succession -- Drama; Murder victims' families -- Drama; Fathers -- Death -- Drama; Revenge -- Drama; Princes -- Drama; Denmark -- Drama","PR","Plays; Best Books Ever Listings; Category: Plays/Films/Dramas; Category: Classics of Literature; Category: British Literature"
"1533","Text","1998-11-01","Macbeth","en","Shakespeare, William, 1564-1616","Tragedies (Drama); Regicides -- Drama; Macbeth, King of Scotland, active 11th century -- Drama; Scotland -- Kings and rulers -- Drama","PR","Opera; Category: Plays/Films/Dramas; Category: Classics of Literature; Category: British Literature"
"1656","Text","1999-02-01","Apology","en","Plato, 428? BCE-348? BCE; Jowett, Benjamin, 1817-1893 [Translator]","Classical literature; Socrates, 470 BC-399 BC; Philosophy, Ancient","B; PA","Harvard Classics; Philosophy; Category: Classics of Literature; Category: Philosophy & Ethics"
"1661","Text","1999-03-01","The Adventures of Sherlock Holmes","en","Doyle, Arthur Conan, 1859-1930","Holmes, Sherlock (Fictitious character) -- Fiction; Private investigators -- England -- Fiction; Detective and mystery stories, English","PR","Detective Fiction; Contemporary Reviews; Banned Books from Anne Haight's list; Category: Short Stories; Category: Crime, Thrillers and Mystery; Category: British Literature"
"1672","Text","1999-03-01","Gorgias","en","Plato, 428? BCE-348? BCE; Jowett, Benjamin, 1817-1893 [Translator]","Classical literature; Political science -- Early works to 1800; Ethics -- Early works to 1800","B; PA","Category: Classics of Literature; Category: Philosophy & Ethics"
"1952","Text","1999-11-01","The Yellow Wallpaper","en","Gilman, Charlotte Perkins, 1860-1935","Psychological fiction; Mentally ill women -- Fiction; Feminist fiction; Married women -- Psychology -- Fiction; Sex role -- Fiction","PS","Gothic Fiction; Category: Short Stories; Category: American Literature"
"1982","Text","1999-11-01","羅生門","ja","Akutagawa, Ryūnosuke, 1892-1927","Short stories; Japan -- Social life and customs -- Fiction","PL","Category: Short Stories"
"1998","Text","1999-12-01","Thus Spake Zarathustra: A Book for All and None","en","Nietzsche, Friedrich Wilhelm, 1844-1900; Common, Thomas, 1850-1919 [Translator]","Superman (Philosophical concept); Philosophy, German","B","Philosophy; Category: Classics of Literature; Category: German Literature; Category: Philosophy & Ethics"
"2000","Text","1999-12-01","Don Quijote","es","Cervantes Saavedra, Miguel de, 1547-1616","Spain -- Social life and customs -- 16th century -- Fiction; Knights and knighthood -- Spain -- Fiction; Picaresque literature; Romances","PQ","Best Books Ever Listings; Harvard Classics; 6 Best Loved Spanish Literary Classics; Category: Novels; Category: Classics of Literature"
"2229","Text","2000-06-01","Faust: Der Tragödie erster Teil","de","Goethe, Johann Wolfgang von, 1749-1832","German poetry; Legends -- Germany -- Drama; Faust, -approximately 1540 -- Drama; Magicians -- Drama","PT","Best Books Ever Listings; Harvard Classics; DE Drama; Category: Plays/Films/Dramas; Category: Classics of Literature; Category: German Literature"
"2230","Text","2000-06-01","Faust: Der Tragödie zweiter Teil","de","Goethe, Johann Wolfgang von, 1749-1832","German poetry; Legends -- Germany -- Drama; Faust, -approximately 1540 -- Drama; Magicians -- Drama","PT","Best Books Ever Listings; DE Drama; Category: Plays/Films/Dramas; Category: Classics of Literature; Category: German Literature"
"2499","Text","2001-02-01","Siddhartha: eine indische Dichtung","de","Hesse, Hermann, 1877-1962","Gautama Buddha -- Fiction; India -- Social life and customs -- Fiction; Spiritual life -- Fiction; Self-realization -- Fiction; Buddhism -- Fiction; Buddhist philosophy -- Fiction; Brahmans -- Fiction; India -- Religion -- Fiction","PT","DE Prosa; Category: Novels; Category: German Literature; Category: Philosophy & Ethics; Category: Religion/Spirituality; Nobel Prizes in Literature"
"2554","Text","2006-03-28","Crime and Punishment","en","Dostoyevsky, Fyodor, 1821-1881; Garnett, Constance, 1861-1946 [Translator]","Detective and mystery stories; Psychological fiction; Saint Petersburg (Russia) -- Fiction; Murder -- Fiction; Crime -- Psychological aspects -- Fiction","PG","Best Books Ever Listings; Crime Fiction; Harvard Classics; Category: Crime, Thrillers and Mystery; Category: Novels; Category: Classics of Literature; Category: Russian Literature"
"2600","Text","2001-04-01","War and Peace","en","Tolstoy, Leo, graf, 1828-1910; Maude, Aylmer, 1858-1938 [Translator]; Maude, Louise, 1855-1939 [Translator]","Historical fiction; War stories; Napoleonic Wars, 1800-1815 -- Campaigns -- Russia -- Fiction; Russia -- History -- Alexander I, 1801-1825 -- Fiction; Aristocracy (Social class) -- Russia -- Fiction","PG","Napoleonic(Bookshelf); Opera; Historical Fiction; Best Books Ever Listings; Movie Books; Category: Historical Novels; Category: Novels; Category: Classics of Literature; Category: Russian Literature"
"2680","Text","2001-06-01","Meditations","en","Marcus Aurelius, Emperor of Rome, 121-180","Stoics; Ethics; Life","B","Harvard Classics; Category: Biographies; Category: Classics of Literature; Category: Philosophy & Ethics"
"2701","Text","2001-07-01","Moby Dick; Or, The Whale","en","Melville, Herman, 1819-1891","Whaling -- Fiction; Sea stories; Psychological fiction; Ship captains -- Fiction; Adventure stories; Mentally ill -- Fiction; Ahab, Captain (Fictitious character) -- Fiction; Whales -- Fiction; Whaling ships -- Fiction","PS","Best Books Ever Listings; Category: Adventure; Category: Novels; Category: Classics of Literature; Category: American Literature"
"3283","Text","2002-06-01","The Upanishads","en","Paramananda, Swami, 1884-1940 [Translator]","Religion; Sanskrit literature -- Translations into English; Mysticism -- Hinduism","BL","Category: Philosophy & Ethics; Category: Religion/Spirituality"
"3300","Text","2002-06-01","An Inquiry into the Nature and Causes of the Wealth of Nations","en","Smith, Adam, 1723-1790","Economics","HB","Best Books Ever Listings; Harvard Classics; Category: History - Early Modern (c. 1450-1750); Category: Economics"
"3330","Text","2002-07-01","The Analects of Confucius (from the Chinese Classics)","en","Confucius, 552 BCE-480 BCE; Legge, James, 1815-1897 [Translator]","Ethics -- China; Philosophy, Chinese","PL","Harvard Classics; Banned Books from Anne Haight's list; Category: Classics of Literature; Category: Philosophy & Ethics; Category: Religion/Spirituality"
"3333","Text","2002-07-01","Os Lusíadas","pt","Camões, Luís de, 1524?-1580","Portuguese poetry -- Classical period, 1500-1700; Gama, Vasco da, 1469-1524 -- Poetry; Explorers -- Portugal -- Poetry; India -- Discovery and exploration -- Poetry; Portugal -- Colonies -- Asia -- Poetry; Epic poetry, Portuguese","PQ","PT Poesia; Poetry; Category: Poetry; Category: Classics of Literature"
"3420","Text","2002-09-01","A Vindication of the Rights of Woman
With Strictures on Political and Moral Subjects","en","Wollstonecraft, Mary, 1759-1797","Feminism; Women's rights -- Great Britain; Women -- Education -- Great Britain; Women -- History -- 19th century","HQ","Best Books Ever Listings; Category: Essays, Letters & Speeches; Category: British Literature; Category: Gender & Sexuality Studies; Category: Philosophy & Ethics"
"3600","Text","2004-10-26","Essays of Michel de Montaigne - Complete","en","Montaigne, Michel de, 1533-1592; Hazlitt, William Carew, 1834-1913 [Editor]; Cotton, Charles, 1630-1687 [Translator]","French essays -- Translations into English","PQ","Best Books Ever Listings; Banned Books from Anne Haight's list"
"4280","Text","2003-07-01","The Critique of Pure Reason","en","Kant, Immanuel, 1724-1804; Meiklejohn, J. M. D. (John Miller Dow), 1830-1902 [Translator]","Knowledge, Theory of; Causation; Reason; Philosophy, German","B","Philosophy; Category: Philosophy & Ethics"
"4300","Text","2003-07-01","Ulysses","en","Joyce, James, 1882-1941","City and town life -- Fiction; Psychological fiction; Domestic fiction; Married people -- Fiction; Male friendship -- Fiction; Dublin (Ireland) -- Fiction; Epic literature; Artists -- Fiction; Jewish men -- Fiction; Alienation (Social psychology) -- Fiction","PR","Best Books Ever Listings; Erotic Fiction; Banned Books from Anne Haight's list; Banned Books List from the American Library Association; Category: Novels; Category: Classics of Literature; Category: British Literature"
"4363","Text","2003-08-01","Beyond Good and Evil","en","Nietzsche, Friedrich Wilhelm, 1844-1900; Zimmern, Helen, 1846-1934 [Translator]","Ethics; Philosophy, German","B","Philosophy; Atheism; Category: Philosophy & Ethics"
"4650","Text","2003-11-01","Candide, ou l'optimisme","fr","Voltaire, 1694-1778","Satire; Optimism -- Fiction","PQ","FR Littérature; Category: Novels; Category: Classics of Literature; Category: French Literature; Category: Philosophy & Ethics"
"5001","Text","2004-02-01","Relativity : the Special and General Theory","en","Einstein, Albert, 1879-1955; Lawson, Robert W. (Robert William) [Translator]","Relativity (Physics)","QC","Physics"
"5097","Text","2004-02-01","Vingt mille Lieues Sous Les Mers - Complete","fr","Verne, Jules, 1828-1905","Science fiction; Submarines (Ships) -- Fiction; Sea stories; Adventure stories; Underwater exploration -- Fiction","PQ","Science Fiction; FR Littérature; FR Science fiction; Category: Science-Fiction & Fantasy; Category: Adventure; Category: Classics of Literature; Category: French Literature"
"6099","Text","2004-07-01","Les Fleurs du Mal","fr","Baudelaire, Charles, 1821-1867","French poetry -- 19th century","PQ","FR Poésie; Banned Books from Anne Haight's list; Category: Poetry; Category: French Literature"
"7000","Text","2004-11-01","Kalevala","fi","Lönnrot, Elias, 1802-1884 [Compiler]","Finnish poetry","PH","Category: Poetry; Category: Mythology, Legends & Folklore"
"7164","Text","2004-12-01","Gitanjali","en","Tagore, Rabindranath, 1861-1941; Yeats, W. B. (William Butler), 1865-1939 [Author of introduction, etc.]","Indic poetry -- Translations into English; Tagore, Rabindranath, 1861-1941 -- Translations into English; Bengali poetry -- Translations into English; Prose poems, Bengali -- Translations into English","PK","Category: Poetry; Category: Religion/Spirituality; Nobel Prizes in Literature"
"7337","Text","2005-01-01","道德經","zh","Laozi","Philosophy, Chinese; Taoism -- Sacred books","BL","Category: Philosophy & Ethics; Category: Religion/Spirituality"
"7370","Text","2005-01-01","Second Treatise of Government","en","Locke, John, 1632-1704","Political science -- Early works to 1800; Toleration -- Early works to 1800; Liberty -- Early works to 1800","JC","Politics; Philosophy; Category: History - Early Modern (c. 1450-1750); Category: Philosophy & Ethics; Category: Politics"
"9186","Text","2005-10-01","Nathan der Weise: Ein Dramatisches Gedicht, in fünf Aufzügen","de","Lessing, Gotthold Ephraim, 1729-1781","Drama","PT","DE Drama; Category: Plays/Films/Dramas; Category: German Literature"
"10819","Text","2004-01-01","De kleine Johannes","nl","Eeden, Frederik van, 1860-1932","Dutch fiction","PT","Category: Children & Young Adult Reading; Category: Science-Fiction & Fantasy; Category: Novels"
"11024","Text","2004-02-01","Max Havelaar
Of de koffiveilingen der Nederlandsche Handelsmaatschappy","nl","Multatuli, 1820-1887","Culture conflict -- Fiction; Colonies -- Oceania -- Fiction; Dutch -- Indonesia -- Fiction; Java (Indonesia) -- Fiction; Persona (Literature); Coffee industry -- Fiction","PT","Category: Historical Novels; Category: Novels"
"11030","Text","2004-02-01","Incidents in the Life of a Slave Girl, Written by Herself","en","Jacobs, Harriet A. (Harriet Ann), 1813-1897; Child, Lydia Maria, 1802-1880 [Editor]","Enslaved women -- United States -- Biography; Enslaved persons -- United States -- Biography; Enslaved persons -- United States -- Social conditions; Jacobs, Harriet A. (Harriet Ann), 1813-1897","E300","African American Writers; Category: Biographies; Category: American Literature"
"11940","Text","2004-04-01","Seitsemän veljestä","fi","Kivi, Aleksis, 1834-1872","Finland -- Fiction","PH","Category: Novels; Category: Classics of Literature"
"14155","Text","2004-11-26","Madame Bovary","fr","Flaubert, Gustave, 1821-1880","Adultery -- Fiction; Domestic fiction; Married women -- Fiction; France -- Fiction; Middle class -- Fiction; Physicians' spouses -- Fiction; Suicide victims -- Fiction","PQ","Best Books Ever Listings; FR Littérature; Banned Books from Anne Haight's list; Category: Novels; Category: French Literature"
"15399","Text","2005-03-17","The Interesting Narrative of the Life of Olaudah Equiano, Or Gustavus Vassa, The African
Written By Himself","en","Equiano, Olaudah, 1745-1797","Enslaved persons -- United States -- Biography; Equiano, Olaudah, 1745-1797; Enslaved persons -- Great Britain -- Biography","HT","Africa; Category: Biographies; Category: History - Other; Category: History - Modern (1750+)"
"20203","Text","2006-12-28","Autobiography of Benjamin Franklin","en","Franklin, Benjamin, 1706-1790; Pine, Frank Woodworth, 1869- [Editor]; Smith, E. Boyd (Elmer Boyd), 1860-1943 [Illustrator]","Franklin, Benjamin, 1706-1790; Statesmen -- United States -- Biography","E300","Harvard Classics; Category: Biographies; Category: American Literature; Category: History - American"
"22367","Text","2007-08-21","Die Verwandlung","de","Kafka, Franz, 1883-1924","Psychological fiction; Metamorphosis -- Fiction","PT","DE Prosa; Category: Novels; Category: German Literature"
"23839","Text","2007-12-13","論語","zh","Confucius, 552 BCE-480 BCE","Ethics -- China; Philosophy, Chinese","B","Category: Classics of Literature; Category: Philosophy & Ethics"
"23962","Text","2007-12-22","西遊記","zh","Wu, Cheng'en, 1500?-1582?","Folklore -- China; Legends -- China; Xuanzang, approximately 596-664 -- Fiction; Chinese fiction -- Ming dynasty, 1368-1644","PL","Category: Science-Fiction & Fantasy; Category: Adventure; Category: Mythology, Legends & Folklore"
"28054","Text","2009-02-12","The Brothers Karamazov","en","Dostoyevsky, Fyodor, 1821-1881; Garnett, Constance, 1861-1946 [Translator]","Didactic fiction; Fathers and sons -- Fiction; Russia -- Social life and customs -- 1533-1917 -- Fiction; Brothers -- Fiction","PG","Best Books Ever Listings; Category: Novels; Category: Classics of Literature; Category: Russian Literature"
"31536","Text","2010-03-07","Pan Tadeusz
Czyli Ostatni Zajazd na Litwie. Historja Szlachecka z r. 1811 i 1812 we Dwunastu Księgach Wierszem","pl","Mickiewicz, Adam, 1798-1855","Epic poetry, Polish; Gentry -- Lithuania -- Social life and customs -- 19th century -- Poetry; Gentry -- Poland -- Social life and customs -- 19th century -- Poetry","PG","Category: Poetry; Category: Classics of Literature"
"35407","Text","2011-02-26","Rimas","es","Mitre, Bartolomé, 1821-1906","Poetry","PQ","Category: Poetry"
"37196","Text","2011-08-24","Женское международное движение: Сборник статей","ru","Various","Women's rights; Women and socialism","HX","Category: Essays, Letters & Speeches; Category: History - Other; Category: History - Modern (1750+); Category: Gender & Sexuality Studies; Category: Sociology; Category: Politics"
"41654","Text","2012-12-18","Introduction to Mathematical Philosophy","en","Russell, Bertrand, 1872-1970","Mathematics -- Philosophy","QA","Mathematics; Nobel Prizes in Literature"
"52484","Text","2016-07-03","Le avventure di Pinocchio: Storia di un burattino","it","Collodi, Carlo, 1826-1890; Chiostri, Carlo, 1863-1939 [Illustrator]","Fairy tales; Puppets -- Juvenile fiction; Pinocchio (Fictitious character) -- Juvenile fiction","PQ; PZ","IT Letteratura per ragazzi; Category: Children & Young Adult Reading; Category: Novels; Category: Classics of Literature"
"55752","Text","2017-10-15","Dom Casmurro","pt","Machado de Assis, 1839-1908","Adultery -- Fiction; Authorship -- Fiction; Catholic Church -- Fiction; Reminiscing in old age -- Fiction","PQ","Category: Novels"
"57052","Text","2018-04-26","Röda rummet: Skildringar ur artist- och författarlivet","sv","Strindberg, August, 1849-1912; Landquist, John, 1881-1974 [Annotator]","Stockholm (Sweden) -- Fiction","PT","Category: Novels; Category: Classics of Literature; Category: French Literature"
"64317","Text","2021-01-17","The Great Gatsby","en","Fitzgerald, F. Scott (Francis Scott), 1896-1940","Psychological fiction; First loves -- Fiction; Married women -- Fiction; Rich people -- Fiction; Long Island (N.Y.) -- Fiction","PS","Category: Novels; Category: Classics of Literature; Category: American Literature"
